page_size,mode,request_num,sql_stmts,latency_ms
10,naive,1,11,44.31
10,naive,2,11,14.99
10,naive,3,11,14.742
10,naive,4,11,13.003
10,naive,5,11,14.384
10,naive,6,11,12.963
10,naive,7,11,12.96
10,naive,8,11,15.822
10,naive,9,11,16.272
10,naive,10,11,18.479
10,naive,11,11,22.949
10,naive,12,11,23.976
10,naive,13,11,25.33
10,naive,14,11,25.734
10,naive,15,11,22.713
10,naive,16,11,24.742
10,naive,17,11,24.059
10,naive,18,11,20.537
10,naive,19,11,24.823
10,naive,20,11,23.984
10,naive,21,11,17.877
10,naive,22,11,20.105
10,naive,23,11,23.029
10,naive,24,11,24.609
10,naive,25,11,21.61
10,naive,26,11,22.527
10,naive,27,11,28.539
10,naive,28,11,23.726
10,naive,29,11,19.21
10,naive,30,11,18.808
10,fixed,1,2,8.066
10,fixed,2,2,6.798
10,fixed,3,2,7.762
10,fixed,4,2,8.14
10,fixed,5,2,6.335
10,fixed,6,2,6.376
10,fixed,7,2,6.595
10,fixed,8,2,6.638
10,fixed,9,2,5.61
10,fixed,10,2,4.463
10,fixed,11,2,4.649
10,fixed,12,2,5.556
10,fixed,13,2,5.182
10,fixed,14,2,5.223
10,fixed,15,2,5.43
10,fixed,16,2,6.572
10,fixed,17,2,8.374
10,fixed,18,2,8.522
10,fixed,19,2,8.419
10,fixed,20,2,11.66
10,fixed,21,2,9.75
10,fixed,22,2,12.523
10,fixed,23,2,11.167
10,fixed,24,2,12.369
10,fixed,25,2,11.602
10,fixed,26,2,11.76
10,fixed,27,2,12.942
10,fixed,28,2,13.108
10,fixed,29,2,10.949
10,fixed,30,2,12.187
50,naive,1,51,76.672
50,naive,2,51,62.95
50,naive,3,51,77.485
50,naive,4,51,75.291
50,naive,5,51,86.029
50,naive,6,51,76.582
50,naive,7,51,48.088
50,naive,8,51,26.099
50,naive,9,51,35.804
50,naive,10,51,23.652
50,naive,11,51,18.249
50,naive,12,51,15.667
50,naive,13,51,15.133
50,naive,14,51,15.026
50,naive,15,51,14.646
50,naive,16,51,14.668
50,naive,17,51,14.89
50,naive,18,51,14.207
50,naive,19,51,14.788
50,naive,20,51,14.531
50,naive,21,51,14.929
50,naive,22,51,15.132
50,naive,23,51,14.919
50,naive,24,51,13.909
50,naive,25,51,13.687
50,naive,26,51,14.158
50,naive,27,51,14.551
50,naive,28,51,14.571
50,naive,29,51,14.445
50,naive,30,51,14.271
50,fixed,1,2,4.196
50,fixed,2,2,2.97
50,fixed,3,2,3.534
50,fixed,4,2,2.972
50,fixed,5,2,3.348
50,fixed,6,2,3.953
50,fixed,7,2,3.255
50,fixed,8,2,3.364
50,fixed,9,2,3.699
50,fixed,10,2,3.851
50,fixed,11,2,3.823
50,fixed,12,2,3.651
50,fixed,13,2,3.135
50,fixed,14,2,3.003
50,fixed,15,2,3.405
50,fixed,16,2,3.55
50,fixed,17,2,3.066
50,fixed,18,2,3.231
50,fixed,19,2,3.719
50,fixed,20,2,3.994
50,fixed,21,2,3.062
50,fixed,22,2,3.132
50,fixed,23,2,3.526
50,fixed,24,2,3.524
50,fixed,25,2,3.398
50,fixed,26,2,3.132
50,fixed,27,2,3.669
50,fixed,28,2,3.319
50,fixed,29,2,3.66
50,fixed,30,2,3.88
200,naive,1,201,48.684
200,naive,2,201,47.409
200,naive,3,201,47.707
200,naive,4,201,45.784
200,naive,5,201,48.086
200,naive,6,201,45.732
200,naive,7,201,47.657
200,naive,8,201,45.543
200,naive,9,201,46.842
200,naive,10,201,45.736
200,naive,11,201,48.024
200,naive,12,201,47.899
200,naive,13,201,49.104
200,naive,14,201,49.763
200,naive,15,201,50.677
200,naive,16,201,48.224
200,naive,17,201,47.135
200,naive,18,201,47.77
200,naive,19,201,48.171
200,naive,20,201,48.502
200,naive,21,201,48.149
200,naive,22,201,48.301
200,naive,23,201,47.614
200,naive,24,201,47.393
200,naive,25,201,47.849
200,naive,26,201,48.121
200,naive,27,201,73.432
200,naive,28,201,47.849
200,naive,29,201,47.137
200,naive,30,201,47.082
200,fixed,1,2,6.456
200,fixed,2,2,5.634
200,fixed,3,2,5.271
200,fixed,4,2,5.32
200,fixed,5,2,5.791
200,fixed,6,2,4.736
200,fixed,7,2,5.402
200,fixed,8,2,5.062
200,fixed,9,2,4.516
200,fixed,10,2,4.34
200,fixed,11,2,5.235
200,fixed,12,2,5.855
200,fixed,13,2,6.008
200,fixed,14,2,4.872
200,fixed,15,2,5.049
200,fixed,16,2,5.423
200,fixed,17,2,5.009
200,fixed,18,2,5.145
200,fixed,19,2,5.231
200,fixed,20,2,5.436
200,fixed,21,2,4.783
200,fixed,22,2,5.333
200,fixed,23,2,5.287
200,fixed,24,2,5.59
200,fixed,25,2,5.538
200,fixed,26,2,5.27
200,fixed,27,2,5.636
200,fixed,28,2,5.376
200,fixed,29,2,4.661
200,fixed,30,2,5.651
