failure_rate,call,tool,attempts,ok,error,latency_ms
0.0,1,search_courses,1,True,,5.795
0.0,2,course_detail,1,True,,5.899
0.0,3,course_stats,1,True,,12.511
0.0,4,search_courses,1,True,,7.119
0.0,5,course_detail,1,True,,7.016
0.0,6,course_stats,1,True,,6.793
0.0,7,search_courses,1,True,,8.983
0.0,8,course_detail,1,True,,7.253
0.0,9,course_stats,1,True,,5.833
0.0,10,search_courses,1,True,,8.06
0.0,11,course_detail,1,True,,5.735
0.0,12,course_stats,1,True,,5.549
0.0,13,search_courses,1,True,,7.418
0.0,14,course_detail,1,True,,5.367
0.0,15,course_stats,1,True,,6.724
0.0,16,search_courses,1,True,,5.542
0.0,17,course_detail,1,True,,6.83
0.0,18,course_stats,1,True,,6.806
0.0,19,search_courses,1,True,,8.127
0.0,20,course_detail,1,True,,7.206
0.0,21,course_stats,1,True,,4.569
0.0,22,search_courses,1,True,,8.694
0.0,23,course_detail,1,True,,5.557
0.0,24,course_stats,1,True,,3.709
0.0,25,search_courses,1,True,,4.623
0.0,26,course_detail,1,True,,8.456
0.0,27,course_stats,1,True,,4.778
0.0,28,search_courses,1,True,,9.569
0.0,29,course_detail,1,True,,6.082
0.0,30,course_stats,1,True,,7.319
0.0,31,search_courses,1,True,,8.393
0.0,32,course_detail,1,True,,6.243
0.0,33,course_stats,1,True,,6.366
0.0,34,search_courses,1,True,,6.428
0.0,35,course_detail,1,True,,4.013
0.0,36,course_stats,1,True,,4.779
0.0,37,search_courses,1,True,,4.026
0.0,38,course_detail,1,True,,3.752
0.0,39,course_stats,1,True,,3.236
0.0,40,search_courses,1,True,,6.359
0.0,41,course_detail,1,True,,3.762
0.0,42,course_stats,1,True,,3.195
0.0,43,search_courses,1,True,,3.077
0.0,44,course_detail,1,True,,5.79
0.0,45,course_stats,1,True,,3.784
0.0,46,search_courses,1,True,,3.808
0.0,47,course_detail,1,True,,2.584
0.0,48,course_stats,1,True,,3.825
0.0,49,search_courses,1,True,,2.617
0.0,50,course_detail,1,True,,2.135
0.2,1,search_courses,1,True,,2.538
0.2,2,course_detail,1,True,,1.923
0.2,3,course_stats,1,True,,1.956
0.2,4,search_courses,1,True,,3.797
0.2,5,course_detail,1,True,,1.877
0.2,6,course_stats,1,True,,1.815
0.2,7,search_courses,2,True,,58.108
0.2,8,course_detail,1,True,,3.176
0.2,9,course_stats,1,True,,2.033
0.2,10,search_courses,1,True,,2.584
0.2,11,course_detail,1,True,,2.086
0.2,12,course_stats,1,True,,2.148
0.2,13,search_courses,1,True,,2.413
0.2,14,course_detail,2,True,,58.285
0.2,15,course_stats,1,True,,4.029
0.2,16,search_courses,1,True,,4.306
0.2,17,course_detail,2,True,,60.638
0.2,18,course_stats,1,True,,2.667
0.2,19,search_courses,1,True,,3.309
0.2,20,course_detail,1,True,,2.091
0.2,21,course_stats,1,True,,3.166
0.2,22,search_courses,1,True,,3.333
0.2,23,course_detail,1,True,,3.037
0.2,24,course_stats,1,True,,2.981
0.2,25,search_courses,1,True,,3.458
0.2,26,course_detail,2,True,,58.27
0.2,27,course_stats,1,True,,3.833
0.2,28,search_courses,2,True,,59.946
0.2,29,course_detail,2,True,,60.228
0.2,30,course_stats,1,True,,4.117
0.2,31,search_courses,1,True,,3.324
0.2,32,course_detail,1,True,,3.473
0.2,33,course_stats,1,True,,3.406
0.2,34,search_courses,1,True,,3.663
0.2,35,course_detail,2,True,,60.631
0.2,36,course_stats,1,True,,4.599
0.2,37,search_courses,1,True,,4.049
0.2,38,course_detail,1,True,,4.531
0.2,39,course_stats,1,True,,3.16
0.2,40,search_courses,1,True,,6.014
0.2,41,course_detail,1,True,,4.957
0.2,42,course_stats,1,True,,3.36
0.2,43,search_courses,2,True,,64.45
0.2,44,course_detail,1,True,,6.299
0.2,45,course_stats,2,True,,61.492
0.2,46,search_courses,1,True,,4.405
0.2,47,course_detail,1,True,,2.765
0.2,48,course_stats,1,True,,2.699
0.2,49,search_courses,1,True,,5.512
0.2,50,course_detail,2,True,,61.005
0.5,1,search_courses,1,True,,4.793
0.5,2,course_detail,1,True,,4.336
0.5,3,course_stats,1,True,,3.93
0.5,4,search_courses,1,True,,5.245
0.5,5,course_detail,1,True,,4.258
0.5,6,course_stats,1,True,,3.342
0.5,7,search_courses,3,False,storage unavailable after 3 attempts: TransientError: injected fault,157.678
0.5,8,course_detail,1,True,,3.669
0.5,9,course_stats,2,True,,60.569
0.5,10,search_courses,1,True,,4.527
0.5,11,course_detail,1,True,,3.05
0.5,12,course_stats,2,True,,60.329
0.5,13,search_courses,3,False,storage unavailable after 3 attempts: TransientError: injected fault,160.474
0.5,14,course_detail,1,True,,3.447
0.5,15,course_stats,1,True,,2.495
0.5,16,search_courses,1,True,,2.999
0.5,17,course_detail,2,True,,58.557
0.5,18,course_stats,1,True,,3.367
0.5,19,search_courses,1,True,,3.213
0.5,20,course_detail,1,True,,2.572
0.5,21,course_stats,1,True,,6.065
0.5,22,search_courses,2,True,,57.727
0.5,23,course_detail,1,True,,3.051
0.5,24,course_stats,3,False,storage unavailable after 3 attempts: TransientError: injected fault,159.901
0.5,25,search_courses,1,True,,3.873
0.5,26,course_detail,1,True,,2.57
0.5,27,course_stats,1,True,,2.215
0.5,28,search_courses,1,True,,2.468
0.5,29,course_detail,2,True,,58.858
0.5,30,course_stats,2,True,,59.144
0.5,31,search_courses,2,True,,56.657
0.5,32,course_detail,1,True,,3.214
0.5,33,course_stats,1,True,,2.654
0.5,34,search_courses,1,True,,4.063
0.5,35,course_detail,1,True,,2.686
0.5,36,course_stats,1,True,,2.464
0.5,37,search_courses,2,True,,58.465
0.5,38,course_detail,1,True,,2.656
0.5,39,course_stats,2,True,,56.383
0.5,40,search_courses,1,True,,3.252
0.5,41,course_detail,2,True,,58.159
0.5,42,course_stats,3,True,,157.128
0.5,43,search_courses,3,True,,159.648
0.5,44,course_detail,2,True,,57.022
0.5,45,course_stats,2,True,,53.695
0.5,46,search_courses,3,True,,158.412
0.5,47,course_detail,1,True,,3.131
0.5,48,course_stats,1,True,,2.268
0.5,49,search_courses,3,False,storage unavailable after 3 attempts: TransientError: injected fault,156.446
0.5,50,course_detail,3,False,storage unavailable after 3 attempts: TransientError: injected fault,157.256
